{
  "hash": "87e26148",
  "configHash": "053d5557",
  "lockfileHash": "0235e1f2",
  "browserHash": "05245fb8",
  "optimized": {
    "@angular/common": {
      "src": "../../../../../node_modules/@angular/common/fesm2022/common.mjs",
      "file": "@angular_common.js",
      "fileHash": "1c252f06",
      "needsInterop": false
    },
    "@angular/common/http": {
      "src": "../../../../../node_modules/@angular/common/fesm2022/http.mjs",
      "file": "@angular_common_http.js",
      "fileHash": "ca91da72",
      "needsInterop": false
    },
    "@angular/core": {
      "src": "../../../../../node_modules/@angular/core/fesm2022/core.mjs",
      "file": "@angular_core.js",
      "fileHash": "3f7a9156",
      "needsInterop": false
    },
    "@angular/forms": {
      "src": "../../../../../node_modules/@angular/forms/fesm2022/forms.mjs",
      "file": "@angular_forms.js",
      "fileHash": "59b02858",
      "needsInterop": false
    },
    "@angular/platform-browser": {
      "src": "../../../../../node_modules/@angular/platform-browser/fesm2022/platform-browser.mjs",
      "file": "@angular_platform-browser.js",
      "fileHash": "7afe139c",
      "needsInterop": false
    },
    "@angular/platform-browser/animations": {
      "src": "../../../../../node_modules/@angular/platform-browser/fesm2022/animations.mjs",
      "file": "@angular_platform-browser_animations.js",
      "fileHash": "d204f7eb",
      "needsInterop": false
    }
  },
  "chunks": {
    "chunk-G2KZXRVD": {
      "file": "chunk-G2KZXRVD.js"
    },
    "chunk-FG46CP3H": {
      "file": "chunk-FG46CP3H.js"
    },
    "chunk-LC5WHTTA": {
      "file": "chunk-LC5WHTTA.js"
    },
    "chunk-X6GLX44O": {
      "file": "chunk-X6GLX44O.js"
    }
  }
}