{
  "hash": "77dd6797",
  "browserHash": "fd73e6a6",
  "optimized": {
    "@angular/common": {
      "src": "../../../../../node_modules/@angular/common/fesm2022/common.mjs",
      "file": "@angular_common.js",
      "fileHash": "4bd841fc",
      "needsInterop": false
    },
    "@angular/common/http": {
      "src": "../../../../../node_modules/@angular/common/fesm2022/http.mjs",
      "file": "@angular_common_http.js",
      "fileHash": "a751ab64",
      "needsInterop": false
    },
    "@angular/core": {
      "src": "../../../../../node_modules/@angular/core/fesm2022/core.mjs",
      "file": "@angular_core.js",
      "fileHash": "169da247",
      "needsInterop": false
    },
    "@angular/forms": {
      "src": "../../../../../node_modules/@angular/forms/fesm2022/forms.mjs",
      "file": "@angular_forms.js",
      "fileHash": "11cc8663",
      "needsInterop": false
    },
    "@angular/material/icon": {
      "src": "../../../../../node_modules/@angular/material/fesm2022/icon.mjs",
      "file": "@angular_material_icon.js",
      "fileHash": "f6ed0108",
      "needsInterop": false
    },
    "@angular/platform-browser": {
      "src": "../../../../../node_modules/@angular/platform-browser/fesm2022/platform-browser.mjs",
      "file": "@angular_platform-browser.js",
      "fileHash": "ac05daed",
      "needsInterop": false
    },
    "@angular/platform-browser/animations": {
      "src": "../../../../../node_modules/@angular/platform-browser/fesm2022/animations.mjs",
      "file": "@angular_platform-browser_animations.js",
      "fileHash": "f4dde9d3",
      "needsInterop": false
    }
  },
  "chunks": {
    "chunk-FQPZQGSR": {
      "file": "chunk-FQPZQGSR.js"
    },
    "chunk-G6FUYGU2": {
      "file": "chunk-G6FUYGU2.js"
    },
    "chunk-BT2KMMFN": {
      "file": "chunk-BT2KMMFN.js"
    },
    "chunk-WL3RN7OX": {
      "file": "chunk-WL3RN7OX.js"
    },
    "chunk-QOFGU6D4": {
      "file": "chunk-QOFGU6D4.js"
    }
  }
}