{
  "hash": "c0a3f691",
  "configHash": "bc5d68fb",
  "lockfileHash": "d02b3874",
  "browserHash": "ba0973d3",
  "optimized": {
    "@angular/common": {
      "src": "../../../../../node_modules/@angular/common/fesm2022/common.mjs",
      "file": "@angular_common.js",
      "fileHash": "bb0eaf52",
      "needsInterop": false
    },
    "@angular/core": {
      "src": "../../../../../node_modules/@angular/core/fesm2022/core.mjs",
      "file": "@angular_core.js",
      "fileHash": "f69d423d",
      "needsInterop": false
    },
    "@angular/forms": {
      "src": "../../../../../node_modules/@angular/forms/fesm2022/forms.mjs",
      "file": "@angular_forms.js",
      "fileHash": "9d93def9",
      "needsInterop": false
    },
    "@angular/platform-browser": {
      "src": "../../../../../node_modules/@angular/platform-browser/fesm2022/platform-browser.mjs",
      "file": "@angular_platform-browser.js",
      "fileHash": "03d215d4",
      "needsInterop": false
    },
    "@angular/platform-browser/animations": {
      "src": "../../../../../node_modules/@angular/platform-browser/fesm2022/animations.mjs",
      "file": "@angular_platform-browser_animations.js",
      "fileHash": "93c3b436",
      "needsInterop": false
    }
  },
  "chunks": {
    "chunk-LUGRCKEW": {
      "file": "chunk-LUGRCKEW.js"
    },
    "chunk-LC5WHTTA": {
      "file": "chunk-LC5WHTTA.js"
    },
    "chunk-X6GLX44O": {
      "file": "chunk-X6GLX44O.js"
    }
  }
}