{
  "hash": "08e52541",
  "configHash": "268e1bfb",
  "lockfileHash": "d02b3874",
  "browserHash": "31839853",
  "optimized": {
    "@angular/common": {
      "src": "../../../../../node_modules/@angular/common/fesm2022/common.mjs",
      "file": "@angular_common.js",
      "fileHash": "8dc7f417",
      "needsInterop": false
    },
    "@angular/core": {
      "src": "../../../../../node_modules/@angular/core/fesm2022/core.mjs",
      "file": "@angular_core.js",
      "fileHash": "553f6a07",
      "needsInterop": false
    },
    "@angular/forms": {
      "src": "../../../../../node_modules/@angular/forms/fesm2022/forms.mjs",
      "file": "@angular_forms.js",
      "fileHash": "5cb9b5e0",
      "needsInterop": false
    },
    "@angular/platform-browser": {
      "src": "../../../../../node_modules/@angular/platform-browser/fesm2022/platform-browser.mjs",
      "file": "@angular_platform-browser.js",
      "fileHash": "aca14459",
      "needsInterop": false
    },
    "@angular/platform-browser/animations": {
      "src": "../../../../../node_modules/@angular/platform-browser/fesm2022/animations.mjs",
      "file": "@angular_platform-browser_animations.js",
      "fileHash": "46f4311f",
      "needsInterop": false
    }
  },
  "chunks": {
    "chunk-LUGRCKEW": {
      "file": "chunk-LUGRCKEW.js"
    },
    "chunk-LC5WHTTA": {
      "file": "chunk-LC5WHTTA.js"
    },
    "chunk-X6GLX44O": {
      "file": "chunk-X6GLX44O.js"
    }
  }
}