{
  "hash": "2609be66",
  "browserHash": "b0d9cd51",
  "optimized": {
    "@angular/common": {
      "src": "../../../../../node_modules/@angular/common/fesm2022/common.mjs",
      "file": "@angular_common.js",
      "fileHash": "8ba201e6",
      "needsInterop": false
    },
    "@angular/common/http": {
      "src": "../../../../../node_modules/@angular/common/fesm2022/http.mjs",
      "file": "@angular_common_http.js",
      "fileHash": "f7588dea",
      "needsInterop": false
    },
    "@angular/core": {
      "src": "../../../../../node_modules/@angular/core/fesm2022/core.mjs",
      "file": "@angular_core.js",
      "fileHash": "5cda556f",
      "needsInterop": false
    },
    "@angular/forms": {
      "src": "../../../../../node_modules/@angular/forms/fesm2022/forms.mjs",
      "file": "@angular_forms.js",
      "fileHash": "9416fa40",
      "needsInterop": false
    },
    "@angular/material/icon": {
      "src": "../../../../../node_modules/@angular/material/fesm2022/icon.mjs",
      "file": "@angular_material_icon.js",
      "fileHash": "7924fc23",
      "needsInterop": false
    },
    "@angular/platform-browser": {
      "src": "../../../../../node_modules/@angular/platform-browser/fesm2022/platform-browser.mjs",
      "file": "@angular_platform-browser.js",
      "fileHash": "d85b61a0",
      "needsInterop": false
    },
    "@angular/platform-browser/animations": {
      "src": "../../../../../node_modules/@angular/platform-browser/fesm2022/animations.mjs",
      "file": "@angular_platform-browser_animations.js",
      "fileHash": "8a9f1684",
      "needsInterop": false
    },
    "@angular/router": {
      "src": "../../../../../node_modules/@angular/router/fesm2022/router.mjs",
      "file": "@angular_router.js",
      "fileHash": "77ec49e5",
      "needsInterop": false
    },
    "rxjs": {
      "src": "../../../../../node_modules/rxjs/dist/esm5/index.js",
      "file": "rxjs.js",
      "fileHash": "bb36e9d4",
      "needsInterop": false
    }
  },
  "chunks": {
    "chunk-W6DS4O4K": {
      "file": "chunk-W6DS4O4K.js"
    },
    "chunk-THFGBR4U": {
      "file": "chunk-THFGBR4U.js"
    },
    "chunk-PY3VLUSX": {
      "file": "chunk-PY3VLUSX.js"
    },
    "chunk-7QCV2LIA": {
      "file": "chunk-7QCV2LIA.js"
    },
    "chunk-SWX36DQH": {
      "file": "chunk-SWX36DQH.js"
    },
    "chunk-V4QF72PL": {
      "file": "chunk-V4QF72PL.js"
    }
  }
}